"r","l","u","t","df","p"
0.52802065785891,0.254983782708534,0.723073937469958,3.78203608114289,37,0.000550751610215382
