"exp","zs","ps"
"lt",-16.2458558054496,1.19491493730138e-59
"ts",-10.2421447081869,6.41794554813915e-25
