"switch","emmean","SE","df","lower.CL","upper.CL"
"stay",0.03,0.01,98,0.0140757640736238,0.0372239490802804
"switch",0.04,0.01,98,0.02227608580592,0.0501674236909722
