"train_type","emmean","SE","df","lower.CL","upper.CL"
"stable",53.35,2.45,69,48.4743890230074,58.2314933299337
"variable",46.41,2.34,69,41.7288126925311,51.0819981182797
