"transfer","emmean","SE","df","lower.CL","upper.CL"
"comp",42.8298887122417,2.5234496097699,69,37.795744482977,47.8640329415063
"part",56.9284578696343,2.2622320495164,69,52.4154284145429,61.4414873247257
