"transfer","emmean","SE","df","lower.CL","upper.CL"
"comp",50.04,4.14,84,41.7960699085478,58.2743907960593
"part",67.12,3.61,84,59.9398027087532,74.3078937682115
