"transfer","emmean","SE","df","lower.CL","upper.CL"
"comp",42.83,2.52,69,37.795744482977,47.8640329415063
"part",56.93,2.26,69,52.4154284145429,61.4414873247257
